year,month,day,suffix,metadata,name
2025,12,6,2513,20251206_002820_22_2513,philip
2025,11,10,2523,20251110_002925_16_2523,philip
2025,10,6,2540,20251006_003301_45_2540,philip
2025,9,4,24fb,20250904_003701_07_24fb,philip
2025,8,5,2521,20250805_002312_31_2521,philip
2025,7,13,2538,20250713_002904_12_2538,philip
2025,6,14,24e9,20250614_003125_14_24e9,philip
2025,5,17,2417,20250517_234928_66_2417,philip
2025,4,8,2506,20250408_002155_30_2506,philip
2025,3,7,24a7,20250307_233653_40_24a7,philip
2025,2,19,2539,20250219_002808_50_2539,philip
2025,1,9,24bf,20250109_233723_05_24bf,philip
2024,12,7,24e5,20241207_001223_95_24e5,philip
2024,11,9,2507,20241109_001837_25_2507,philip
2024,10,4,24aa,20241004_001106_94_24aa,philip
2024,9,3,251c,20240903_001724_14_251c,philip
2024,8,6,24aa,20240806_001108_09_24aa,philip
2024,7,12,24f8,20240712_001305_39_24f8,philip
2024,6,7,24e5,20240607_000749_84_24e5,philip
2024,5,14,24e8,20240514_000843_67_24e8,philip
2024,4,3,2486,20240403_000448_30_2486,philip
2024,3,19,24d0,20240319_231713_31_24d0,philip
2024,2,26,24ba,20240226_231537_42_24ba,philip
2024,1,27,24e6,20240127_001240_76_24e6,philip
2023,12,18,24c7,20231218_231332_80_24c7,philip
2023,11,10,242e,20231110_231221_53_242e,philip
2023,10,12,2475,20231012_235250_49_2475,philip
2023,9,10,2426,20230910_000822_44_2426,philip
2023,8,6,24ce,20230806_231123_30_24ce,philip
2023,7,6,24a8,20230706_231126_50_24a8,philip
2023,6,16,2458,20230616_230738_24_2458,philip
2023,5,26,242b,20230526_230320_51_242b,philip
2023,4,18,24c0,20230418_230938_25_24c0,philip
2023,3,10,2413,20230310_235909_57_2413,philip
2023,2,11,24a5,20230211_234024_34_24a5,philip
2023,1,7,2414,20230107_235022_40_2414,philip
2022,12,14,24a4,20221214_234024_91_24a4,tricia
2022,12,5,2475,20221205_234103_38_2475,tricia
2022,12,5,2475,20221205_234101_24_2475,tricia
2022,12,5,2470,20221205_233632_34_2470,tricia
2022,11,25,2484,20221125_233718_39_2484,tricia
2022,11,25,2484,20221125_233716_24_2484,tricia
2022,11,12,249b,20221112_233657_26_249b,tricia
2022,10,29,2477,20221029_233900_33_2477,tricia
2022,10,29,247b,20221029_234130_60_247b,tricia
2022,10,8,249e,20221008_233726_74_249e,tricia
2022,9,24,2475,20220924_234047_25_2475,tricia
2022,9,12,249c,20220912_233634_72_249c,tricia
2022,8,23,248b,20220823_233651_57_248b,tricia
2022,8,23,248b,20220823_233653_85_248b,tricia
2022,8,16,248e,20220816_233613_83_248e,tricia
2022,7,26,2451,20220726_230332_45_2451,tricia
2022,7,26,2451,20220726_230334_73_2451,tricia
2022,7,13,241e,20220713_230740_46_241e,tricia
2022,7,13,241e,20220713_230742_75_241e,tricia
2022,7,13,247a,20220713_234037_08_247a,tricia
2022,6,26,2442,20220626_230545_46_2442,tricia
2022,6,26,2442,20220626_230547_73_2442,tricia
2022,5,23,248c,20220523_233911_91_248c,tricia
2022,5,3,2442,20220503_230733_78_2442,tricia
2022,4,5,2465,20220405_231046_33_2465,tricia
2022,4,3,241b,20220403_230417_48_241b,tricia
2022,3,24,2463,20220324_230642_90_2463,tricia
2022,3,24,2434,20220324_230922_13_2434,tricia
2022,3,16,2423,20220316_230421_95_2423,tricia
2022,2,26,2485,20220226_233905_93_2485,tricia
2022,2,8,245c,20220208_230809_55_245c,tricia
2022,1,17,227a,20220117_235349_46_227a,tricia
2022,1,17,227a,20220117_235351_77_227a,tricia
2022,1,8,2431,20220108_230932_57_2431,tricia
